Student_ID,Name,Class,Math,Science,English,Average,Grade
101,Ashish,A,85,90,88,87.66666666666667,B
102,Rahul,A,78,82,80,80.0,B
103,Priya,B,92,95,91,92.66666666666667,A
104,Neha,B,70,75,72,72.33333333333333,C
105,Amit,A,88,85,87,86.66666666666667,B
106,Karan,B,60,65,68,64.33333333333333,C
